cod ISTAT;nome;PM10 media annua  (µg/m3) MIN;PM10 media annua  (µg/m3) MED;PM10 media annua  (µg/m3) MAX;PM10 n° sup. giornalieri VL=50 µg/m3 MIN;PM10 n° sup. giornalieri VL=50 µg/m3 MED;PM10 n° sup. giornalieri VL=50 µg/m3 MAX;PM2.5 media annua (µg/m3) MIN;PM2.5 media annua (µg/m3) MED;PM2.5 media annua (µg/m3) MAX;NO2 media annua  (µg/m3) MIN;NO2 media annua  (µg/m3) MED;NO2 media annua  (µg/m3) MAX;NO2 n° sup. orari VL=200 µg/m3 MIN;NO2 n° sup. orari VL=200 µg/m3 MED;NO2 n° sup. orari VL=200 µg/m3 MAX;BENZENE media annua (µg/m3) MIN;BENZENE media annua (µg/m3) MED;BENZENE media annua (µg/m3) MAX;CO n° sup. max media 8ore VL=10 mg/m3 MIN;CO n° sup. max media 8ore VL=10 mg/m3 MED;CO n° sup. max media 8ore VL=10 mg/m3 MAX;SO2 n° sup. giornalieri VL=125 µg/m3 MIN;SO2 n° sup. giornalieri VL=125 µg/m3 MED;SO2 n° sup. giornalieri VL=125 µg/m3 MAX;O3 n° sup. max media 8ore VL=120 µg/m3 MIN;O3 n° sup. max media 8ore VL=120 µg/m3 MED;O3 n° sup. max media 8ore VL=120 µg/m3 MAX
cod ISTAT;nome;MIN;MED;MAX;MIN;MED;MAX;MIN;MED;MAX;MIN;MED;MAX;MIN;MED;MAX;MIN;MED;MAX;MIN;MED;MAX;MIN;MED;MAX;MIN;MED;MAX
12057001;Accumoli;6;7;8;0;0;0;5;6;6;2;3;4;0;0;0;0.2;0.2;0.2;0;0;0;0;0;0;1;3;4
12060001;Acquafondata;4;5;7;0;0;0;4;4;6;2;3;7;0;0;0;0.2;0.3;0.6;0;0;0;0;0;0;3;6;13
12056001;Acquapendente;11;13;15;0;0;0;9;10;10;4;5;7;0;0;0;0.3;0.4;0.8;0;0;0;0;0;0;1;7;11
12060002;Acuto;8;12;15;0;0;1;5;7;8;9;15;19;0;0;0;0.2;0.2;0.3;0;0;0;0;0;0;4;8;12
12058001;Affile;6;7;8;0;0;0;4;5;6;5;9;13;0;0;0;0.2;0.2;0.3;0;0;0;0;0;0;7;14;18
12058002;Agosta;7;9;10;0;0;0;6;6;7;6;9;13;0;0;0;0.2;0.3;0.3;0;0;0;0;0;0;28;29;30
12060003;Alatri;3;16;30;0;13;51;3;8;18;1;20;44;0;0;0;0.1;0.7;1.7;0;0;0;0;0;0;1;8;17
12058003;Albano Laziale;9;13;16;0;0;3;7;10;12;9;16;22;0;0;0;0.3;0.5;0.7;0;0;0;0;0;0;26;36;55
12058004;Allumiere;15;16;17;0;1;1;8;9;9;6;9;13;0;0;0;0.3;0.3;0.3;0;0;0;0;0;0;3;12;19
12060004;Alvito;4;8;13;0;0;0;3;6;10;1;3;5;0;0;0;0.1;0.2;0.2;0;0;0;0;0;0;0;8;21
12060005;Amaseno;7;14;21;0;1;9;5;5;7;4;10;16;0;0;0;0.2;0.3;0.7;0;0;0;0;0;0;1;8;17
12057002;Amatrice;5;7;8;0;0;0;4;5;7;1;2;3;0;0;0;0.2;0.2;0.2;0;0;0;0;0;0;0;2;3
12060006;Anagni;13;20;28;0;7;39;6;11;19;16;26;42;0;0;0;0.2;0.6;2.7;0;0;0;0;0;0;2;9;14
12058005;Anguillara Sabazia;10;12;14;0;0;0;8;9;11;7;9;13;0;0;0;0.3;0.4;0.4;0;0;0;0;0;0;24;39;68
12058006;Anticoli Corrado;10;10;11;0;0;0;7;8;8;11;15;18;0;0;0;0.3;0.4;0.4;0;0;0;0;0;0;25;29;30
12057003;Antrodoco;7;8;10;0;0;0;6;6;8;3;3;4;0;0;0;0.2;0.2;0.2;0;0;0;0;0;0;4;6;9
12058007;Anzio;17;20;22;0;0;3;8;10;11;12;18;20;0;0;0;0.3;0.5;0.7;0;0;0;0;0;0;5;15;44
12059001;Aprilia;20;22;24;1;3;3;9;11;12;18;20;24;0;0;0;0.4;0.6;0.9;0;0;0;0;0;0;2;5;14
12060007;Aquino;14;16;20;4;9;19;9;10;12;18;24;34;0;0;0;0.3;0.4;0.6;0;0;0;0;0;0;8;13;17
12060008;Arce;16;22;26;0;22;37;8;9;11;9;20;32;0;0;0;0.2;0.4;0.6;0;0;0;0;0;0;11;22;33
12058008;Arcinazzo Romano;5;6;9;0;0;0;4;4;6;3;5;8;0;0;0;0.2;0.2;0.2;0;0;0;0;0;0;4;8;20
12058117;Ardea;18;20;22;0;1;3;9;10;10;14;20;23;0;0;0;0.4;0.6;0.9;0;0;0;0;0;0;2;10;45
12058009;Ariccia;8;12;15;0;0;2;6;9;12;7;12;22;0;0;0;0.3;0.4;0.6;0;0;0;0;0;0;28;37;55
12056002;Arlena di Castro;14;15;16;0;0;0;8;9;9;6;7;9;0;0;0;0.3;0.3;0.4;0;0;0;0;0;0;1;2;5
12060009;Arnara;28;30;35;43;52;63;10;11;12;24;27;34;0;0;0;1.4;1.5;1.6;0;0;0;0;0;0;5;11;14
12060010;Arpino;11;15;23;0;1;25;8;9;12;4;8;22;0;0;0;0.2;0.2;0.4;0;0;0;0;0;0;8;23;40
12058010;Arsoli;7;9;10;0;0;0;6;7;7;6;12;15;0;0;0;0.2;0.3;0.4;0;0;0;0;0;0;24;26;30
12058011;Artena;11;16;27;0;2;21;6;9;16;8;18;42;0;0;0;0.2;0.4;1.1;0;0;0;0;0;0;4;14;22
12057004;Ascrea;8;9;11;0;0;0;6;7;8;5;7;9;0;0;0;0.2;0.3;0.3;0;0;0;0;0;0;11;13;15
12060011;Atina;5;10;13;0;0;0;4;7;10;2;7;10;0;0;0;0.1;0.2;0.2;0;0;0;0;0;0;3;12;24
12060012;Ausonia;7;10;12;0;0;0;5;7;9;6;13;20;0;0;0;0.2;0.3;0.4;0;0;0;0;0;0;23;45;57
12056003;Bagnoregio;13;14;16;0;0;0;10;10;10;8;9;11;0;0;0;0.4;0.5;0.6;0;0;0;0;0;0;0;1;3
12056004;Barbarano Romano;14;14;15;0;0;0;9;9;9;9;12;14;0;0;0;0.3;0.4;0.5;0;0;0;0;0;0;0;1;3
12056006;Bassano in Teverina;15;16;16;0;0;0;11;11;11;17;19;20;0;0;0;0.7;0.7;0.9;0;0;0;0;0;0;2;2;3
12056005;Bassano Romano;14;14;15;0;0;0;9;9;10;10;11;12;0;0;0;0.3;0.3;0.4;0;0;0;0;0;0;0;0;0
12059002;Bassiano;6;10;15;0;0;0;4;6;8;3;10;19;0;0;0;0.2;0.2;0.4;0;0;0;0;0;0;1;4;9
12058012;Bellegra;8;10;13;0;0;0;6;7;10;10;12;16;0;0;0;0.2;0.3;0.3;0;0;0;0;0;0;15;19;26
12060013;Belmonte Castello;6;9;14;0;1;7;5;7;9;3;9;20;0;0;0;0.2;0.2;0.3;0;0;0;0;0;0;2;20;48
12057005;Belmonte in Sabina;12;14;16;0;1;1;9;10;11;10;13;16;0;0;0;0.4;0.6;0.8;0;0;0;0;0;0;11;13;14
12056007;Blera;14;15;16;0;0;0;8;9;10;7;9;13;0;0;0;0.3;0.3;0.5;0;0;0;0;0;0;0;2;7
12056008;Bolsena;14;15;16;0;0;0;9;10;10;7;8;11;0;0;0;0.3;0.4;0.5;0;0;0;0;0;0;0;6;12
12056009;Bomarzo;14;14;15;0;0;0;10;11;11;13;15;19;0;0;0;0.6;0.7;1.1;0;0;0;0;0;0;0;1;3
12057006;Borbona;8;9;10;0;0;0;6;7;8;3;4;4;0;0;0;0.2;0.2;0.2;0;0;0;0;0;0;3;4;6
12057008;Borgo Velino;8;10;11;0;0;1;6;7;8;3;4;6;0;0;0;0.2;0.2;0.2;0;0;0;0;0;0;6;8;10
12057007;Borgorose;5;6;7;0;0;0;4;5;6;2;4;9;0;0;0;0.2;0.2;0.3;0;0;0;0;0;0;2;4;9
12060014;Boville Ernica;18;22;29;2;21;47;8;9;13;17;21;24;0;0;0;0.5;0.8;1.2;0;0;0;0;0;0;12;19;24
12058013;Bracciano;14;14;15;0;0;0;8;9;10;8;10;12;0;0;0;0.3;0.3;0.4;0;0;0;0;0;0;0;2;8
12060015;Broccostella;14;15;17;0;0;0;10;11;12;7;9;11;0;0;0;0.2;0.2;0.2;0;0;0;0;0;0;25;31;36
12056010;Calcata;16;17;17;0;1;2;10;11;11;13;14;14;0;0;0;0.4;0.4;0.5;0;0;0;0;0;0;0;2;4
12058014;Camerata Nuova;5;6;7;0;0;0;4;5;5;2;3;4;0;0;0;0.2;0.2;0.2;0;0;0;0;0;0;14;20;26
12058015;Campagnano di Roma;11;12;13;0;0;0;9;10;11;9;12;18;0;0;0;0.4;0.4;0.5;0;0;0;0;0;0;20;27;38
12059003;Campodimele;6;9;12;0;0;0;4;5;6;2;4;8;0;0;0;0.2;0.2;0.2;0;0;0;0;0;0;4;18;27
12060016;Campoli Appennino;3;7;15;0;0;0;3;5;10;1;3;9;0;0;0;0.1;0.2;0.2;0;0;0;0;0;0;0;6;30
12058016;Canale Monterano;14;14;15;0;0;0;8;9;10;8;9;10;0;0;0;0.3;0.3;0.3;0;0;0;0;0;0;0;1;3
12056011;Canepina;12;13;15;0;0;0;8;9;11;13;13;15;0;0;0;0.5;0.5;0.6;0;0;0;0;0;0;0;0;2
12056012;Canino;12;13;15;0;0;0;8;8;9;4;5;7;0;0;0;0.3;0.3;0.3;0;0;0;0;0;0;2;3;7
12057009;Cantalice;8;12;18;0;1;2;6;9;13;3;7;19;0;0;0;0.2;0.3;0.8;0;0;0;0;0;0;3;6;11
12057010;Cantalupo in Sabina;15;16;16;0;0;0;10;10;11;13;14;17;0;0;0;0.4;0.4;0.5;0;0;0;0;0;0;9;12;12
12058017;Canterano;9;10;11;0;0;0;6;7;8;9;11;14;0;0;0;0.3;0.3;0.3;0;0;0;0;0;0;27;27;28
12058018;Capena;12;14;16;0;0;0;11;12;14;15;26;39;0;0;0;0.5;0.7;1.2;0;0;0;0;0;0;18;34;47
12056013;Capodimonte;16;16;17;0;0;0;9;9;10;7;8;11;0;0;0;0.3;0.3;0.4;0;0;0;0;0;0;1;6;11
12056014;Capranica;14;14;15;0;0;0;9;9;10;11;13;14;0;0;0;0.3;0.4;0.5;0;0;0;0;0;0;0;0;2
12058019;Capranica Prenestina;7;8;10;0;0;0;5;5;6;6;9;14;0;0;0;0.2;0.3;0.3;0;0;0;0;0;0;12;20;29
12056015;Caprarola;12;14;17;0;0;0;8;9;11;12;13;15;0;0;0;0.4;0.5;0.7;0;0;0;0;0;0;0;1;2
12056016;Carbognano;15;16;18;0;0;2;10;11;12;12;14;17;0;0;0;0.4;0.4;0.5;0;0;0;0;0;0;0;0;0
12058020;Carpineto Romano;5;7;12;0;0;0;4;5;8;2;6;16;0;0;0;0.2;0.2;0.4;0;0;0;0;0;0;3;8;21
12060017;Casalattico;4;9;15;0;0;0;3;6;10;1;4;8;0;0;0;0.1;0.2;0.2;0;0;0;0;0;0;3;14;31
12060018;Casalvieri;12;14;16;0;0;0;9;10;11;5;6;8;0;0;0;0.2;0.2;0.2;0;0;0;0;0;0;16;22;29
12058021;Casape;7;7;8;0;0;0;6;6;6;7;8;9;0;0;0;0.3;0.3;0.3;0;0;0;0;0;0;29;32;35
12057011;Casaprota;13;14;14;0;0;0;10;10;10;13;13;13;0;0;0;0.4;0.4;0.4;0;0;0;0;0;0;14;15;17
12057012;Casperia;14;14;16;0;0;1;9;10;10;13;13;14;0;0;0;0.4;0.5;0.6;0;0;0;0;0;0;12;12;15
12060019;Cassino;7;17;24;0;15;34;5;11;16;7;24;35;0;0;0;0.2;0.4;0.5;0;0;0;0;0;0;6;22;44
12057013;Castel di Tora;8;9;10;0;0;0;6;7;8;5;6;8;0;0;0;0.2;0.2;0.3;0;0;0;0;0;0;12;13;15
12058022;Castel Gandolfo;10;13;16;0;0;3;7;9;12;9;15;23;0;0;0;0.3;0.5;0.7;0;0;0;0;0;0;24;40;65
12058023;Castel Madama;13;15;20;0;0;1;9;11;13;17;26;30;0;0;0;0.4;0.6;0.8;0;0;0;0;0;0;21;26;31
12058025;Castel San Pietro Romano;8;9;10;0;0;0;5;6;7;7;9;12;0;0;0;0.3;0.3;0.3;0;0;0;0;0;0;27;28;29
12057015;Castel Sant'Angelo;8;11;12;0;0;1;6;8;9;3;6;9;0;0;0;0.2;0.3;0.3;0;0;0;0;0;0;7;9;10
12056017;Castel Sant'Elia;17;18;19;0;2;3;11;11;12;12;14;16;0;0;0;0.4;0.4;0.4;0;0;0;0;0;0;0;0;1
12059004;Castelforte;7;9;12;0;0;0;5;7;9;4;10;15;0;0;0;0.2;0.3;0.4;0;0;0;0;0;0;22;42;51
12060020;Castelliri;9;15;23;0;3;24;5;9;13;10;15;25;0;0;0;0.2;0.3;0.4;0;0;0;0;0;0;5;18;28
12057014;Castelnuovo di Farfa;14;14;15;0;0;0;10;10;10;13;13;13;0;0;0;0.4;0.4;0.4;0;0;0;0;0;0;15;18;18
12058024;Castelnuovo di Porto;11;13;16;0;0;0;9;11;14;11;19;40;0;0;0;0.4;0.6;1.3;0;0;0;0;0;0;14;29;47
12060021;Castelnuovo Parano;8;10;11;0;0;0;6;7;8;9;12;16;0;0;0;0.2;0.3;0.3;0;0;0;0;0;0;14;27;33
12056018;Castiglione in Teverina;12;13;14;0;0;0;9;10;10;9;9;10;0;0;0;0.6;0.6;0.7;0;0;0;0;0;0;2;2;4
12060023;Castro dei Volsci;8;21;29;0;13;39;4;6;11;5;16;23;0;0;0;0.2;0.6;1.0;0;0;0;0;0;0;0;7;16
12060022;Castrocielo;7;15;21;0;4;15;5;9;10;4;20;35;0;0;0;0.2;0.3;0.6;0;0;0;0;0;0;5;17;28
12058026;Cave;17;18;20;0;2;5;9;9;10;16;19;24;0;0;0;0.3;0.4;0.5;0;0;0;0;0;0;14;20;26
12060024;Ceccano;14;31;39;0;54;81;6;11;18;11;29;47;0;0;0;0.4;1.4;2.1;0;0;0;0;0;0;0;8;15
12056019;Celleno;14;14;15;0;0;0;10;10;11;11;12;13;0;0;0;0.4;0.5;0.6;0;0;0;0;0;0;0;0;1
12056020;Cellere;13;15;16;0;0;0;8;9;9;5;6;8;0;0;0;0.3;0.3;0.3;0;0;0;0;0;0;2;3;5
12060025;Ceprano;23;26;32;18;37;50;7;9;11;18;25;34;0;0;0;0.5;0.7;1.0;0;0;0;0;0;0;3;13;19
12058027;Cerreto Laziale;10;11;12;0;0;0;7;8;8;11;15;17;0;0;0;0.3;0.4;0.4;0;0;0;0;0;0;27;28;29
12058028;Cervara di Roma;6;7;10;0;0;0;4;6;7;3;5;13;0;0;0;0.2;0.2;0.3;0;0;0;0;0;0;23;27;30
12060026;Cervaro;5;13;20;0;9;19;4;9;12;2;17;27;0;0;0;0.2;0.3;0.4;0;0;0;0;0;0;4;14;25
12058029;Cerveteri;14;15;17;0;0;0;8;9;11;8;11;14;0;0;0;0.3;0.4;0.5;0;0;0;0;0;0;3;4;15
12058118;Ciampino;15;19;26;0;2;14;10;12;17;21;30;59;0;0;0;0.6;0.8;1.7;0;0;0;0;0;0;4;24;35
12058030;Ciciliano;11;12;13;0;0;0;8;9;9;15;17;21;0;0;0;0.4;0.4;0.5;0;0;0;0;0;0;27;29;31
12058031;Cineto Romano;9;10;10;0;0;0;7;8;8;8;16;18;0;0;0;0.3;0.4;0.4;0;0;0;0;0;0;17;24;28
12059005;Cisterna di Latina;13;16;19;0;0;2;8;9;11;16;21;26;0;0;0;0.3;0.3;0.5;0;0;0;0;0;0;2;3;7
12057016;Cittaducale;9;13;20;0;1;7;7;9;14;5;9;21;0;0;0;0.2;0.4;0.8;0;0;0;0;0;0;9;11;14
12057017;Cittareale;8;9;10;0;0;0;6;7;8;3;3;4;0;0;0;0.2;0.2;0.2;0;0;0;0;0;0;2;3;3
12056021;Civita Castellana;16;18;19;0;2;4;11;12;13;14;19;25;0;0;0;0.4;0.5;0.7;0;0;0;0;0;0;0;3;11
12058032;Civitavecchia;15;17;19;0;1;2;8;9;10;5;13;21;0;0;0;0.3;0.3;0.4;0;0;0;0;0;0;1;5;38
12056022;Civitella d'Agliano;12;13;14;0;0;0;9;10;10;9;10;11;0;0;0;0.5;0.6;0.7;0;0;0;0;0;0;1;2;3
12058033;Civitella San Paolo;16;17;17;0;0;1;11;11;11;18;22;24;0;0;0;0.5;0.6;0.6;0;0;0;0;0;0;7;9;11
12060027;Colfelice;17;19;24;4;9;24;8;9;10;14;22;34;0;0;0;0.3;0.4;0.7;0;0;0;0;0;0;12;20;25
12057018;Collalto Sabino;7;7;8;0;0;0;6;6;6;5;6;10;0;0;0;0.2;0.3;0.3;0;0;0;0;0;0;11;13;15
12057019;Colle di Tora;8;10;10;0;0;0;6;7;8;6;8;8;0;0;0;0.2;0.3;0.3;0;0;0;0;0;0;12;14;15
12060029;Colle San Magno;4;7;16;0;0;6;3;5;9;1;4;17;0;0;0;0.1;0.2;0.2;0;0;0;0;0;0;1;9;31
12058034;Colleferro;11;22;29;0;10;36;6;12;19;9;27;44;0;0;0;0.2;0.5;1.0;0;0;0;0;0;0;1;8;19
12057020;Collegiove;7;8;8;0;0;0;6;6;6;5;6;6;0;0;0;0.2;0.2;0.2;0;0;0;0;0;0;12;14;15
12060028;Collepardo;4;8;13;0;0;0;3;4;6;2;9;18;0;0;0;0.1;0.2;0.3;0;0;0;0;0;0;4;6;8
12057021;Collevecchio;15;16;18;0;0;1;10;11;12;13;17;24;0;0;0;0.4;0.6;0.7;0;0;0;0;0;0;8;10;11
12057022;Colli sul Velino;14;15;16;1;1;1;10;10;11;12;13;14;0;0;0;0.5;0.6;0.7;0;0;0;0;0;0;13;15;17
12058035;Colonna;14;15;17;0;0;1;10;11;12;28;34;42;0;0;0;0.7;0.9;1.2;0;0;0;0;0;0;8;22;38
12057023;Concerviano;9;11;14;0;0;1;7;8;10;6;9;13;0;0;0;0.2;0.3;0.5;0;0;0;0;0;0;11;12;13
12057024;Configni;13;14;14;0;0;0;9;10;10;12;12;14;0;0;0;0.5;0.5;0.9;0;0;0;0;0;0;13;14;17
12057025;Contigliano;14;16;18;0;1;2;10;11;13;12;15;18;0;0;0;0.5;0.7;0.8;0;0;0;0;0;0;11;12;15
12056023;Corchiano;16;17;19;0;1;4;11;11;13;15;15;25;0;0;0;0.4;0.5;0.7;0;0;0;0;0;0;0;0;6
12060030;Coreno Ausonio;7;8;10;0;0;0;5;6;7;4;9;17;0;0;0;0.2;0.3;0.4;0;0;0;0;0;0;17;37;56
12059006;Cori;5;11;16;0;0;0;4;7;10;2;11;18;0;0;0;0.2;0.2;0.3;0;0;0;0;0;0;1;9;25
12057026;Cottanello;13;14;16;0;1;1;10;10;11;12;13;14;0;0;0;0.5;0.6;0.7;0;0;0;0;0;0;12;13;15
12060031;Esperia;5;8;13;0;0;3;4;5;9;1;7;17;0;0;0;0.2;0.2;0.3;0;0;0;0;0;0;0;15;40
12056024;Fabrica di Roma;15;17;19;0;1;4;10;12;13;13;15;17;0;0;0;0.4;0.4;0.5;0;0;0;0;0;0;0;0;1
12056025;Faleria;17;17;19;1;2;3;11;11;12;13;15;17;0;0;0;0.4;0.5;0.5;0;0;0;0;0;0;0;2;4
12060032;Falvaterra;18;21;24;4;13;28;6;7;10;13;19;37;0;0;0;0.3;0.4;0.6;0;0;0;0;0;0;1;11;21
12057027;Fara in Sabina;13;15;17;0;0;0;9;10;12;12;15;28;0;0;0;0.3;0.4;0.7;0;0;0;0;0;0;12;18;19
12056026;Farnese;13;14;15;0;0;0;8;9;9;4;5;6;0;0;0;0.3;0.3;0.3;0;0;0;0;0;0;2;3;5
12060033;Ferentino;11;23;30;0;19;48;6;12;18;13;23;43;0;0;0;0.2;1.0;1.8;0;0;0;0;0;0;3;9;15
12057028;Fiamignano;6;7;8;0;0;0;5;6;6;3;3;4;0;0;0;0.2;0.2;0.2;0;0;0;0;0;0;5;6;9
12058036;Fiano Romano;16;17;18;0;0;0;11;12;12;18;26;31;0;0;0;0.5;0.7;0.8;0;0;0;0;0;0;7;11;15
12058037;Filacciano;16;16;16;0;0;0;11;11;11;14;18;23;0;0;0;0.4;0.5;0.6;0;0;0;0;0;0;8;9;12
12060034;Filettino;5;5;6;0;0;0;4;4;5;2;2;3;0;0;0;0.2;0.2;0.2;0;0;0;0;0;0;7;13;15
12060035;Fiuggi;6;10;16;0;0;0;4;6;9;6;12;19;0;0;0;0.2;0.2;0.3;0;0;0;0;0;0;4;8;12
12058120;Fiumicino;12;16;21;0;0;2;9;11;15;7;16;49;0;0;3;0.4;0.6;2.9;0;0;0;0;0;0;3;45;98
12059007;Fondi;16;21;23;0;5;8;8;9;10;12;18;21;0;0;0;0.3;0.3;0.3;0;0;0;0;0;0;1;6;21
12060036;Fontana Liri;15;21;26;0;17;31;8;10;12;8;17;27;0;0;0;0.2;0.4;0.5;0;0;0;0;0;0;21;27;31
12058122;Fonte Nuova;15;16;19;0;0;2;12;13;15;21;24;35;0;0;0;0.7;0.7;1.0;0;0;0;0;0;0;31;38;46
12060037;Fontechiari;14;15;16;0;0;0;10;10;11;5;6;7;0;0;0;0.2;0.2;0.2;0;0;0;0;0;0;19;25;33
12057029;Forano;16;16;16;0;0;0;10;11;11;14;15;17;0;0;0;0.4;0.5;0.5;0;0;0;0;0;0;9;11;12
12058038;Formello;11;12;15;0;0;0;9;10;12;11;14;20;0;0;0;0.4;0.5;0.6;0;0;0;0;0;0;18;26;34
12059008;Formia;11;18;23;0;3;6;7;9;12;7;18;27;0;0;0;0.3;0.4;0.6;0;0;0;0;0;0;7;14;18
12058039;Frascati;10;16;19;0;0;2;8;12;13;13;32;45;0;0;3;0.4;1.0;1.5;0;0;0;0;0;0;9;25;41
12057030;Frasso Sabino;13;14;14;0;0;0;9;10;10;11;13;13;0;0;0;0.3;0.4;0.4;0;0;0;0;0;0;16;16;18
12060038;Frosinone;23;29;37;20;46;78;11;16;23;24;31;44;0;0;0;1.4;1.7;2.0;0;0;0;0;0;0;5;12;16
12060039;Fumone;16;19;22;0;6;18;7;8;10;17;22;28;0;0;0;0.3;0.5;0.8;0;0;0;0;0;0;7;8;11
12059009;Gaeta;21;22;23;5;6;7;8;9;10;20;24;28;0;0;0;0.4;0.5;0.7;0;0;0;0;0;0;9;13;27
12056027;Gallese;15;17;18;0;1;1;10;12;13;15;19;28;0;0;0;0.4;0.6;0.8;0;0;0;0;0;0;0;3;11
12058040;Gallicano nel Lazio;12;14;18;0;0;1;9;11;14;18;29;46;0;0;3;0.4;0.7;1.5;0;0;0;0;0;0;12;34;45
12060040;Gallinaro;9;9;10;0;0;0;6;7;8;5;5;6;0;0;0;0.2;0.2;0.2;0;0;0;0;0;0;8;11;14
12058041;Gavignano;17;19;21;1;3;8;10;11;11;22;27;35;0;0;0;0.4;0.5;0.6;0;0;0;0;0;0;2;5;8
12058042;Genazzano;13;17;21;0;2;7;7;9;11;15;18;27;0;0;0;0.3;0.4;0.6;0;0;0;0;0;0;11;19;22
12058043;Genzano di Roma;12;15;17;0;0;7;7;9;12;12;16;18;0;0;0;0.3;0.3;0.4;0;0;0;0;0;0;9;19;35
12058044;Gerano;11;11;13;0;0;0;8;8;9;14;14;17;0;0;0;0.3;0.3;0.4;0;0;0;0;0;0;26;28;28
12060041;Giuliano di Roma;14;21;27;0;14;40;6;8;10;14;20;26;0;0;0;0.6;1.0;1.4;0;0;0;0;0;0;2;6;19
12058045;Gorga;5;8;15;0;0;0;4;5;9;2;7;20;0;0;0;0.2;0.2;0.4;0;0;0;0;0;0;1;5;10
12056028;Gradoli;15;15;16;0;0;0;9;9;10;6;6;9;0;0;0;0.3;0.3;0.4;0;0;0;0;0;0;1;5;12
12056029;Graffignano;13;13;14;0;0;0;10;10;11;10;12;14;0;0;0;0.5;0.6;0.7;0;0;0;0;0;0;1;2;2
12057031;Greccio;15;16;17;1;1;1;11;11;12;14;15;17;0;0;0;0.6;0.7;0.8;0;0;0;0;0;0;12;13;15
12058046;Grottaferrata;8;13;17;0;0;2;7;9;12;7;17;29;0;0;0;0.3;0.5;0.9;0;0;0;0;0;0;23;30;47
12056030;Grotte di Castro;13;15;15;0;0;0;9;10;10;5;6;7;0;0;0;0.3;0.3;0.4;0;0;0;0;0;0;1;2;9
12060042;Guarcino;4;7;17;0;0;1;3;4;7;1;9;25;0;0;0;0.1;0.2;0.4;0;0;0;0;0;0;1;6;10
12058047;Guidonia Montecelio;11;17;21;0;0;9;9;13;17;12;24;35;0;0;0;0.4;0.7;1.0;0;0;0;0;0;0;30;41;53
12056031;Ischia di Castro;11;13;15;0;0;0;7;8;9;4;4;7;0;0;0;0.3;0.3;0.3;0;0;0;0;0;0;2;5;10
12060043;Isola del Liri;17;19;20;0;4;9;10;12;13;16;18;21;0;0;0;0.3;0.3;0.4;0;0;0;0;0;0;23;25;28
12059010;Itri;11;17;22;0;2;6;7;8;10;7;15;22;0;0;0;0.3;0.3;0.5;0;0;0;0;0;0;7;12;18
12058048;Jenne;5;7;9;0;0;0;4;5;7;2;4;6;0;0;0;0.2;0.2;0.2;0;0;0;0;0;0;16;22;25
12058049;Labico;20;22;24;0;5;8;11;12;13;25;37;47;0;0;0;0.5;1.0;1.4;0;0;0;0;0;0;3;11;21
12057032;Labro;13;14;14;1;1;2;9;10;10;9;12;13;0;0;0;0.4;0.5;0.7;0;0;0;0;0;0;10;15;17
12058116;Ladispoli;16;17;17;0;0;0;9;10;11;10;13;14;0;0;0;0.4;0.5;0.5;0;0;0;0;0;0;3;9;16
12058050;Lanuvio;15;18;22;0;1;3;8;8;10;16;18;19;0;0;0;0.3;0.4;0.5;0;0;0;0;0;0;7;20;36
12058115;Lariano;9;13;17;0;0;0;6;8;10;8;16;22;0;0;0;0.3;0.3;0.4;0;0;0;0;0;0;6;13;21
12056032;Latera;14;15;16;0;0;0;9;9;10;5;6;7;0;0;0;0.3;0.3;0.3;0;0;0;0;0;0;1;1;3
12059011;Latina;15;18;23;0;1;5;8;9;13;15;21;27;0;0;0;0.3;0.4;1.4;0;0;0;0;0;0;2;5;19
12059012;Lenola;8;12;15;0;0;0;4;5;7;4;9;15;0;0;0;0.2;0.2;0.3;0;0;0;0;0;0;1;17;32
12057033;Leonessa;8;10;12;0;1;2;6;8;9;3;3;5;0;0;0;0.2;0.2;0.3;0;0;0;0;0;0;2;4;8
12058051;Licenza;8;8;10;0;0;0;6;7;8;6;7;14;0;0;0;0.2;0.3;0.4;0;0;0;0;0;0;16;20;31
12057034;Longone Sabino;10;12;14;0;0;1;7;9;10;7;10;13;0;0;0;0.3;0.4;0.6;0;0;0;0;0;0;10;12;13
12056033;Lubriano;13;14;14;0;0;0;10;10;10;8;9;10;0;0;0;0.4;0.6;1.0;0;0;0;0;0;0;1;2;3
12059013;Maenza;8;13;16;0;0;1;5;6;8;8;14;19;0;0;0;0.2;0.5;0.7;0;0;0;0;0;0;0;6;25
12058052;Magliano Romano;16;16;18;0;0;1;10;10;11;13;14;17;0;0;0;0.4;0.4;0.5;0;0;0;0;0;0;2;3;4
12057035;Magliano Sabina;15;17;19;0;1;4;10;11;13;13;20;28;0;0;0;0.5;0.6;0.8;0;0;0;0;0;0;3;8;11
12058053;Mandela;9;11;13;0;0;0;7;8;9;8;15;24;0;0;0;0.3;0.4;0.6;0;0;0;0;0;0;17;27;28
12058054;Manziana;14;14;15;0;0;0;8;9;10;8;9;10;0;0;0;0.3;0.3;0.3;0;0;0;0;0;0;0;1;3
12058055;Marano Equo;7;10;10;0;0;0;6;7;7;6;12;13;0;0;0;0.2;0.3;0.3;0;0;0;0;0;0;29;30;30
12058056;Marcellina;8;11;14;0;0;0;7;9;10;8;15;19;0;0;0;0.3;0.4;0.5;0;0;0;0;0;0;37;43;48
12057036;Marcetelli;7;8;8;0;0;0;6;6;7;5;5;5;0;0;0;0.2;0.2;0.2;0;0;0;0;0;0;11;12;15
12058057;Marino;10;16;20;0;0;3;7;11;14;9;22;32;0;0;0;0.4;0.7;0.9;0;0;0;0;0;0;19;27;47
12056034;Marta;16;16;17;0;0;0;9;10;10;7;10;12;0;0;0;0.3;0.4;0.5;0;0;0;0;0;0;1;4;11
12058058;Mazzano Romano;16;17;17;0;1;2;10;11;11;13;13;16;0;0;0;0.4;0.4;0.5;0;0;0;0;0;0;0;1;4
12058059;Mentana;12;15;18;0;0;1;10;12;15;15;25;34;0;0;0;0.4;0.7;1.0;0;0;0;0;0;0;20;35;44
12057037;Micigliano;9;10;10;0;0;1;7;7;8;3;4;5;0;0;0;0.2;0.2;0.2;0;0;0;0;0;0;4;6;9
12059014;Minturno;18;20;22;3;4;7;10;12;12;21;24;27;0;0;0;0.4;0.5;0.5;0;0;0;0;0;0;6;13;39
12057038;Mompeo;14;14;14;0;0;0;10;10;10;13;13;14;0;0;0;0.4;0.4;0.5;0;0;0;0;0;0;14;16;18
12056035;Montalto di Castro;10;12;14;0;0;0;7;8;8;4;5;6;0;0;0;0.3;0.3;0.3;0;0;0;0;0;0;2;18;67
12057039;Montasola;14;14;14;0;0;1;10;10;10;12;13;13;0;0;0;0.5;0.5;0.6;0;0;0;0;0;0;12;13;13
12058060;Monte Compatri;9;14;21;0;1;12;6;11;18;8;24;34;0;0;0;0.3;0.6;0.9;0;0;0;0;0;0;15;37;52
12058064;Monte Porzio Catone;10;13;16;0;0;0;7;10;13;11;21;44;0;0;0;0.4;0.6;1.5;0;0;0;0;0;0;9;25;37
12056037;Monte Romano;15;16;16;0;0;0;9;9;10;6;9;13;0;0;0;0.3;0.4;0.6;0;0;0;0;0;0;0;1;8
12059015;Monte San Biagio;7;9;11;0;0;0;5;5;7;5;7;9;0;0;0;0.2;0.2;0.3;0;0;0;0;0;0;6;22;57
12060044;Monte San Giovanni Campano;3;18;29;0;14;50;3;8;18;1;15;21;0;0;0;0.1;0.4;0.7;0;0;0;0;0;0;1;18;25
12057043;Monte San Giovanni in Sabina;14;14;14;0;0;1;9;10;10;13;13;14;0;0;0;0.5;0.6;0.7;0;0;0;0;0;0;13;14;16
12057040;Montebuono;13;15;16;0;0;0;9;10;11;12;13;14;0;0;0;0.4;0.5;0.6;0;0;0;0;0;0;11;12;17
12056036;Montefiascone;15;16;17;0;0;0;9;10;11;9;12;15;0;0;0;0.4;0.5;0.7;0;0;0;0;0;0;0;2;11
12058061;Monteflavio;8;9;13;0;0;0;6;7;9;6;7;13;0;0;0;0.2;0.3;0.3;0;0;0;0;0;0;15;23;25
12058062;Montelanico;7;12;18;0;0;1;5;7;10;5;15;26;0;0;0;0.2;0.3;0.5;0;0;0;0;0;0;1;5;10
12057041;Monteleone Sabino;10;12;13;0;0;0;8;9;10;8;11;13;0;0;0;0.3;0.3;0.4;0;0;0;0;0;0;13;14;16
12058063;Montelibretti;13;16;18;0;0;0;9;11;12;12;19;30;0;0;0;0.3;0.5;0.8;0;0;0;0;0;0;12;17;19
12057042;Montenero Sabino;13;14;14;0;0;0;10;10;10;13;13;13;0;0;0;0.4;0.5;0.5;0;0;0;0;0;0;13;14;15
12056038;Monterosi;16;16;17;0;0;0;10;10;11;11;12;13;0;0;0;0.4;0.4;0.4;0;0;0;0;0;0;0;1;1
12058065;Monterotondo;13;15;18;0;0;1;10;12;15;16;26;34;0;0;0;0.5;0.7;1.0;0;0;0;0;0;0;21;35;47
12057044;Montopoli di Sabina;14;15;17;0;0;0;9;10;12;13;15;28;0;0;0;0.4;0.4;0.7;0;0;0;0;0;0;9;15;18
12058066;Montorio Romano;9;12;15;0;0;0;7;8;10;7;10;14;0;0;0;0.2;0.3;0.4;0;0;0;0;0;0;15;20;25
12058067;Moricone;7;10;12;0;0;0;5;8;10;5;11;16;0;0;0;0.2;0.4;0.5;0;0;0;0;0;0;33;40;48
12058068;Morlupo;16;17;18;0;0;0;10;11;11;14;19;21;0;0;0;0.4;0.5;0.6;0;0;0;0;0;0;2;6;8
12060045;Morolo;5;16;23;0;6;21;4;9;13;3;20;28;0;0;0;0.2;0.7;1.3;0;0;0;0;0;0;0;5;13
12057045;Morro Reatino;11;13;16;1;2;2;8;10;11;4;8;14;0;0;0;0.2;0.3;0.6;0;0;0;0;0;0;6;11;15
12058069;Nazzano;16;16;17;0;0;1;11;11;11;16;22;24;0;0;0;0.5;0.6;0.6;0;0;0;0;0;0;7;9;15
12058070;Nemi;8;9;13;0;0;3;6;7;11;6;7;12;0;0;0;0.3;0.3;0.4;0;0;0;0;0;0;35;46;57
12056039;Nepi;12;13;13;0;0;0;10;11;11;8;10;13;0;0;0;0.4;0.4;0.4;0;0;0;0;0;0;31;36;39
12058071;Nerola;13;14;15;0;0;0;9;9;10;12;12;14;0;0;0;0.3;0.3;0.4;0;0;0;0;0;0;18;18;19
12057046;Nespolo;7;7;7;0;0;0;6;6;6;5;7;8;0;0;0;0.2;0.3;0.3;0;0;0;0;0;0;9;13;13
12058072;Nettuno;18;20;22;0;2;3;9;10;11;14;18;21;0;0;0;0.3;0.4;0.7;0;0;0;0;0;0;2;7;27
12059016;Norma;7;10;15;0;0;0;5;6;9;5;11;18;0;0;0;0.2;0.2;0.3;0;0;0;0;0;0;1;7;18
12058073;Olevano Romano;11;13;15;0;0;1;6;8;11;12;14;15;0;0;0;0.2;0.3;0.3;0;0;0;0;0;0;15;19;24
12056040;Onano;13;14;15;0;0;0;9;10;10;4;5;6;0;0;0;0.3;0.3;0.3;0;0;0;0;0;0;1;2;5
12056041;Oriolo Romano;14;14;15;0;0;0;9;9;10;9;10;11;0;0;0;0.3;0.3;0.3;0;0;0;0;0;0;0;0;1
12056042;Orte;14;16;18;0;0;1;10;11;13;15;20;28;0;0;0;0.5;0.8;0.9;0;0;0;0;0;0;0;5;8
12057047;Orvinio;8;8;9;0;0;0;7;7;7;6;7;10;0;0;0;0.2;0.3;0.3;0;0;0;0;0;0;14;16;18
12057048;Paganico Sabino;8;8;8;0;0;0;6;6;6;5;6;6;0;0;0;0.2;0.2;0.2;0;0;0;0;0;0;13;15;15
12058074;Palestrina;10;16;23;0;0;2;6;9;14;10;21;47;0;0;0;0.3;0.5;1.4;0;0;0;0;0;0;4;23;35
12060046;Paliano;14;18;25;0;3;9;8;9;12;14;20;41;0;0;0;0.3;0.4;0.8;0;0;0;0;0;0;4;16;23
12058075;Palombara Sabina;6;10;15;0;0;1;5;8;12;3;12;29;0;0;0;0.2;0.4;0.8;0;0;0;0;0;0;29;40;47
12060047;Pastena;7;16;22;0;2;11;4;5;7;4;11;16;0;0;0;0.2;0.3;0.4;0;0;0;0;0;0;0;10;22
12060048;Patrica;10;23;33;0;29;68;5;10;15;9;26;48;0;0;0;0.4;1.3;1.9;0;0;0;0;0;0;1;7;25
12058076;Percile;8;9;10;0;0;0;7;7;8;7;8;18;0;0;0;0.3;0.3;0.4;0;0;0;0;0;0;16;17;25
12057049;Pescorocchiano;6;7;8;0;0;0;5;6;7;3;4;9;0;0;0;0.2;0.2;0.3;0;0;0;0;0;0;5;9;13
12060049;Pescosolido;3;7;15;0;0;0;3;5;11;1;4;15;0;0;0;0.1;0.2;0.3;0;0;0;0;0;0;0;11;53
12057050;Petrella Salto;7;8;11;0;0;0;6;7;8;3;5;9;0;0;0;0.2;0.2;0.3;0;0;0;0;0;0;5;10;13
12056043;Piansano;15;16;16;0;0;0;9;9;9;7;8;9;0;0;0;0.3;0.3;0.4;0;0;0;0;0;0;1;4;5
12060050;Picinisco;3;5;9;0;0;0;3;4;6;1;2;7;0;0;0;0.1;0.1;0.2;0;0;0;0;0;0;0;3;13
12060051;Pico;8;13;17;0;0;2;5;6;8;4;11;16;0;0;0;0.2;0.2;0.3;0;0;0;0;0;0;3;14;23
12060052;Piedimonte San Germano;17;19;20;11;14;19;11;12;13;23;31;38;0;0;0;0.3;0.4;0.5;0;0;0;0;0;0;5;11;17
12060053;Piglio;6;10;16;0;0;1;4;6;8;6;11;19;0;0;0;0.2;0.2;0.3;0;0;0;0;0;0;6;10;13
12060054;Pignataro Interamna;13;16;21;3;11;22;9;10;12;17;21;34;0;0;0;0.3;0.3;0.5;0;0;0;0;0;0;11;18;24
12058077;Pisoniano;7;8;9;0;0;0;5;6;7;9;13;18;0;0;0;0.3;0.3;0.4;0;0;0;0;0;0;12;24;35
12060055;Pofi;24;29;35;28;45;66;8;9;13;20;25;33;0;0;0;0.6;1.0;1.4;0;0;0;0;0;0;2;10;17
12057051;Poggio Bustone;9;13;15;1;2;2;7;9;11;3;7;13;0;0;0;0.2;0.3;0.6;0;0;0;0;0;0;3;8;10
12057052;Poggio Catino;14;15;16;0;0;0;9;10;11;13;14;14;0;0;0;0.4;0.4;0.5;0;0;0;0;0;0;12;15;16
12057053;Poggio Mirteto;14;15;16;0;0;0;9;10;11;13;14;17;0;0;0;0.4;0.4;0.5;0;0;0;0;0;0;9;14;18
12057054;Poggio Moiano;9;11;13;0;0;0;7;8;10;8;9;13;0;0;0;0.3;0.3;0.4;0;0;0;0;0;0;13;15;18
12057055;Poggio Nativo;13;14;14;0;0;0;9;10;10;11;13;13;0;0;0;0.3;0.3;0.4;0;0;0;0;0;0;16;18;19
12057056;Poggio San Lorenzo;12;13;13;0;0;0;9;10;10;11;13;13;0;0;0;0.3;0.4;0.4;0;0;0;0;0;0;13;15;16
12058078;Poli;6;10;12;0;0;0;5;7;9;6;13;21;0;0;0;0.2;0.4;0.6;0;0;0;0;0;0;13;33;40
12058079;Pomezia;11;13;14;0;0;0;9;10;11;11;16;25;0;0;0;0.5;0.8;1.5;0;0;0;0;0;0;29;64;107
12060056;Pontecorvo;9;14;18;0;2;7;5;8;12;7;16;23;0;0;0;0.2;0.3;0.4;0;0;0;0;0;0;9;17;25
12059017;Pontinia;9;11;17;0;0;0;7;8;11;10;14;19;0;0;0;0.2;0.3;0.3;0;0;0;0;0;0;2;5;10
12058080;Ponzano Romano;16;17;18;0;0;1;11;11;12;17;20;24;0;0;0;0.5;0.6;0.7;0;0;0;0;0;0;3;8;11
12057057;Posta;8;10;10;0;0;1;6;7;8;3;3;4;0;0;0;0.2;0.2;0.2;0;0;0;0;0;0;3;3;4
12060057;Posta Fibreno;10;13;15;0;0;0;8;9;11;4;5;7;0;0;0;0.2;0.2;0.2;0;0;0;0;0;0;8;21;29
12057058;Pozzaglia Sabina;8;8;9;0;0;0;6;7;7;5;7;8;0;0;0;0.2;0.2;0.3;0;0;0;0;0;0;13;15;17
12059019;Priverno;10;12;15;0;0;1;6;7;9;12;15;18;0;0;0;0.3;0.3;0.5;0;0;0;0;0;0;0;4;8
12056044;Proceno;12;13;13;0;0;0;9;10;10;4;5;6;0;0;0;0.3;0.3;0.3;0;0;0;0;0;0;6;7;9
12059020;Prossedi;10;16;22;0;2;12;5;6;8;6;15;21;0;0;0;0.2;0.6;1.0;0;0;0;0;0;0;1;5;14
12058081;Riano;12;14;16;0;0;0;10;11;13;14;21;38;0;0;0;0.5;0.6;1.2;0;0;0;0;0;0;16;31;42
12057059;Rieti;9;16;22;0;3;15;7;11;16;3;15;23;0;0;0;0.2;0.7;1.1;0;0;0;0;0;0;4;12;19
12058082;Rignano Flaminio;16;17;18;0;1;1;10;11;11;14;17;19;0;0;0;0.4;0.5;0.5;0;0;0;0;0;0;2;4;8
12058083;Riofreddo;9;9;10;0;0;0;7;7;8;10;13;18;0;0;0;0.3;0.3;0.4;0;0;0;0;0;0;18;20;25
12060058;Ripi;24;27;31;25;40;58;8;10;14;19;22;32;0;0;0;0.6;1.1;1.5;0;0;0;0;0;0;10;15;19
12057060;Rivodutri;11;13;16;1;2;2;8;9;11;4;8;14;0;0;0;0.2;0.3;0.6;0;0;0;0;0;0;6;8;13
12058084;Rocca Canterano;9;10;11;0;0;0;6;7;8;9;11;15;0;0;0;0.3;0.3;0.4;0;0;0;0;0;0;27;29;29
12060059;Rocca d'Arce;14;16;19;0;1;7;8;8;9;7;10;14;0;0;0;0.2;0.2;0.3;0;0;0;0;0;0;16;25;29
12058085;Rocca di Cave;8;12;19;0;0;2;5;7;11;7;12;19;0;0;0;0.2;0.3;0.4;0;0;0;0;0;0;16;21;29
12058086;Rocca di Papa;7;8;13;0;0;0;6;6;9;4;7;15;0;0;0;0.2;0.3;0.5;0;0;0;0;0;0;27;39;55
12059022;Rocca Massima;6;11;15;0;0;1;4;6;8;3;8;12;0;0;0;0.2;0.2;0.3;0;0;0;0;0;0;10;13;20
12058088;Rocca Priora;8;10;13;0;0;0;6;7;9;7;13;19;0;0;0;0.3;0.3;0.4;0;0;0;0;0;0;15;22;34
12058089;Rocca Santo Stefano;8;8;9;0;0;0;6;6;7;12;14;16;0;0;0;0.3;0.3;0.3;0;0;0;0;0;0;17;20;26
12057062;Rocca Sinibalda;8;11;14;0;0;1;6;8;10;5;8;13;0;0;0;0.2;0.3;0.6;0;0;0;0;0;0;11;12;13
12058087;Roccagiovine;9;9;10;0;0;0;7;7;8;9;11;14;0;0;0;0.3;0.3;0.4;0;0;0;0;0;0;28;30;31
12059021;Roccagorga;7;11;16;0;0;0;5;6;9;5;14;18;0;0;0;0.2;0.3;0.4;0;0;0;0;0;0;0;2;9
12057061;Roccantica;14;14;16;0;0;0;9;10;10;13;13;14;0;0;0;0.4;0.5;0.6;0;0;0;0;0;0;12;14;16
12060060;Roccasecca;15;18;23;0;5;18;8;9;10;10;22;36;0;0;0;0.2;0.4;0.7;0;0;0;0;0;0;13;22;29
12059023;Roccasecca dei Volsci;10;12;15;0;0;0;5;6;7;6;10;16;0;0;0;0.2;0.3;0.4;0;0;0;0;0;0;0;11;26
12058090;Roiate;6;8;9;0;0;0;5;5;6;5;7;10;0;0;0;0.2;0.2;0.2;0;0;0;0;0;0;10;13;17
12058091;Roma;11;19;30;0;4;34;9;14;20;8;28;66;0;0;7;0.4;0.9;2.1;0;0;0;0;0;0;0;31;98
12056045;Ronciglione;13;15;16;0;0;0;8;10;11;12;13;14;0;0;0;0.4;0.4;0.6;0;0;0;0;0;0;0;0;3
12058092;Roviano;10;10;10;0;0;0;7;8;8;13;15;18;0;0;0;0.3;0.4;0.4;0;0;0;0;0;0;25;26;30
12059024;Sabaudia;17;20;23;0;1;4;8;10;12;8;15;22;0;0;0;0.3;0.3;0.4;0;0;0;0;0;0;2;6;36
12058093;Sacrofano;11;12;14;0;0;0;9;10;12;11;13;21;0;0;0;0.4;0.5;0.6;0;0;0;0;0;0;21;28;34
12057063;Salisano;14;14;14;0;0;0;9;10;10;13;14;14;0;0;0;0.4;0.4;0.5;0;0;0;0;0;0;14;17;18
12058094;Sambuci;10;12;13;0;0;0;8;9;9;15;18;24;0;0;0;0.4;0.4;0.6;0;0;0;0;0;0;27;28;30
12060061;San Biagio Saracinisco;3;4;5;0;0;0;3;3;4;1;2;3;0;0;0;0.1;0.2;0.2;0;0;0;0;0;0;2;4;14
12058119;San Cesareo;10;16;21;0;0;3;7;11;14;13;32;45;0;0;2;0.4;0.8;1.3;0;0;0;0;0;0;6;22;48
12060062;San Donato Val di Comino;3;6;11;0;0;0;3;5;8;1;3;5;0;0;0;0.1;0.1;0.2;0;0;0;0;0;0;0;4;15
12059025;San Felice Circeo;16;19;22;0;0;0;7;8;9;7;10;12;0;0;0;0.3;0.3;0.3;0;0;0;0;0;0;5;16;42
12060063;San Giorgio a Liri;8;12;15;0;4;7;6;8;10;8;17;22;0;0;0;0.2;0.3;0.4;0;0;0;0;0;0;12;22;34
12060064;San Giovanni Incarico;16;18;21;0;5;12;6;7;8;11;16;20;0;0;0;0.3;0.3;0.4;0;0;0;0;0;0;10;17;24
12058095;San Gregorio da Sassola;13;16;19;0;0;0;9;10;12;16;24;30;0;0;0;0.4;0.6;0.8;0;0;0;0;0;0;17;24;31
12056047;San Lorenzo Nuovo;14;15;16;0;0;0;9;10;10;6;7;9;0;0;0;0.3;0.4;0.4;0;0;0;0;0;0;1;4;12
12058096;San Polo dei Cavalieri;8;11;17;0;0;0;6;8;11;6;12;30;0;0;0;0.3;0.3;0.7;0;0;0;0;0;0;20;26;31
12058100;San Vito Romano;9;10;12;0;0;0;6;7;8;12;15;18;0;0;0;0.3;0.3;0.4;0;0;0;0;0;0;14;19;23
12060070;San Vittore del Lazio;5;11;18;0;3;13;4;7;11;3;15;29;0;0;0;0.2;0.3;0.5;0;0;0;0;0;0;8;17;30
12058097;Santa Marinella;15;17;19;0;1;1;8;9;9;10;14;20;0;0;0;0.3;0.3;0.4;0;0;0;0;0;0;1;4;12
12060065;Sant'Ambrogio sul Garigliano;11;13;15;2;3;5;8;9;11;14;16;18;0;0;0;0.3;0.3;0.5;0;0;0;0;0;0;32;37;43
12060066;Sant'Andrea del Garigliano;7;10;11;0;0;2;6;7;8;6;12;14;0;0;0;0.2;0.3;0.3;0;0;0;0;0;0;10;33;56
12058098;Sant'Angelo Romano;12;14;18;0;0;1;9;10;14;13;21;35;0;0;0;0.4;0.6;1.0;0;0;0;0;0;0;27;36;43
12060067;Sant'Apollinare;10;13;15;0;5;8;7;9;10;11;16;18;0;0;0;0.2;0.3;0.3;0;0;0;0;0;0;17;26;35
12060068;Sant'Elia Fiumerapido;5;10;17;0;3;13;4;7;11;3;12;24;0;0;0;0.2;0.2;0.4;0;0;0;0;0;0;4;13;29
12059026;Santi Cosma e Damiano;17;19;20;3;3;7;11;12;13;18;21;23;0;0;0;0.4;0.4;0.5;0;0;0;0;0;0;7;11;17
12060069;Santopadre;13;15;16;0;0;0;8;9;10;6;7;9;0;0;0;0.2;0.2;0.2;0;0;0;0;0;0;10;20;27
12058099;Sant'Oreste;16;17;18;0;1;1;11;11;11;17;19;21;0;0;0;0.5;0.5;0.6;0;0;0;0;0;0;3;6;11
12058101;Saracinesco;10;11;13;0;0;0;8;8;9;14;16;24;0;0;0;0.4;0.4;0.6;0;0;0;0;0;0;25;29;30
12057064;Scandriglia;8;10;13;0;0;0;6;8;9;6;8;12;0;0;0;0.2;0.3;0.3;0;0;0;0;0;0;14;17;20
12058102;Segni;6;13;22;0;1;7;4;8;12;3;14;34;0;0;0;0.2;0.3;0.6;0;0;0;0;0;0;1;6;16
12057065;Selci;15;16;16;0;0;0;10;10;11;13;14;14;0;0;0;0.4;0.4;0.5;0;0;0;0;0;0;11;12;12
12059027;Sermoneta;11;16;19;0;0;2;7;9;11;12;20;24;0;0;0;0.2;0.4;1.2;0;0;0;0;0;0;2;3;4
12060071;Serrone;6;11;14;0;0;0;4;7;8;5;12;15;0;0;0;0.2;0.2;0.3;0;0;0;0;0;0;6;13;18
12060072;Settefrati;3;5;9;0;0;0;3;4;7;1;2;6;0;0;0;0.1;0.1;0.2;0;0;0;0;0;0;0;2;9
12059028;Sezze;7;13;18;0;0;3;5;8;11;7;17;22;0;0;0;0.2;0.3;0.4;0;0;0;0;0;0;1;3;8
12060073;Sgurgola;17;18;19;1;4;7;9;11;11;21;25;28;0;0;0;0.5;0.6;0.7;0;0;0;0;0;0;4;5;8
12059029;Sonnino;7;10;14;0;0;0;5;6;9;4;8;12;0;0;0;0.2;0.2;0.3;0;0;0;0;0;0;5;12;21
12060074;Sora;3;11;21;0;0;13;3;8;16;1;10;25;0;0;0;0.1;0.2;0.3;0;0;0;0;0;0;0;18;60
12056048;Soriano nel Cimino;12;15;16;0;0;0;8;11;11;13;16;19;0;0;0;0.5;0.6;0.9;0;0;0;0;0;0;0;0;2
12059030;Sperlonga;21;22;23;4;5;7;8;8;9;18;20;22;0;0;0;0.3;0.3;0.4;0;0;0;0;0;0;8;13;19
12059031;Spigno Saturnia;5;9;13;0;0;0;4;7;10;1;9;18;0;0;0;0.2;0.3;0.4;0;0;0;0;0;0;11;36;52
12057066;Stimigliano;16;16;17;0;0;0;11;11;11;14;16;21;0;0;0;0.5;0.5;0.6;0;0;0;0;0;0;8;10;11
12060075;Strangolagalli;26;27;27;33;34;35;8;9;9;18;19;19;0;0;0;0.6;0.6;0.7;0;0;0;0;0;0;18;19;20
12058103;Subiaco;5;8;13;0;0;0;4;6;8;2;6;13;0;0;0;0.2;0.2;0.3;0;0;0;0;0;0;16;25;28
12060076;Supino;4;13;25;0;7;29;3;7;13;2;14;31;0;0;0;0.2;0.6;1.5;0;0;0;0;0;0;0;5;15
12056049;Sutri;14;15;17;0;0;0;9;10;11;10;12;13;0;0;0;0.3;0.4;0.4;0;0;0;0;0;0;0;0;1
12057067;Tarano;14;15;16;0;0;0;10;10;11;12;13;17;0;0;0;0.4;0.5;0.6;0;0;0;0;0;0;11;11;13
12056050;Tarquinia;13;15;17;0;0;0;8;8;9;5;6;9;0;0;0;0.3;0.3;0.3;0;0;0;0;0;0;1;11;44
12060077;Terelle;4;7;15;0;1;9;3;5;10;2;6;21;0;0;0;0.1;0.2;0.3;0;0;0;0;0;0;1;9;31
12059032;Terracina;19;22;24;0;3;8;8;9;11;9;13;15;0;0;0;0.3;0.3;0.3;0;0;0;0;0;0;0;3;26
12056051;Tessennano;14;15;16;0;0;0;8;9;9;6;7;8;0;0;0;0.3;0.3;0.3;0;0;0;0;0;0;2;2;5
12058104;Tivoli;10;14;21;0;1;9;8;11;17;14;23;41;0;0;0;0.4;0.6;1.5;0;0;0;0;0;0;25;42;52
12057068;Toffia;13;14;14;0;0;0;9;10;10;12;13;13;0;0;0;0.3;0.3;0.4;0;0;0;0;0;0;17;18;19
12058105;Tolfa;14;15;17;0;0;1;8;9;9;6;9;15;0;0;0;0.3;0.3;0.4;0;0;0;0;0;0;0;6;19
12060078;Torre Cajetani;7;12;15;0;0;0;4;6;7;8;14;18;0;0;0;0.2;0.2;0.3;0;0;0;0;0;0;6;7;9
12057070;Torri in Sabina;13;15;16;0;0;0;9;10;11;12;13;14;0;0;0;0.4;0.4;0.5;0;0;0;0;0;0;11;13;17
12060079;Torrice;22;25;30;17;31;50;10;11;14;22;24;26;0;0;0;1.2;1.4;1.6;0;0;0;0;0;0;13;15;16
12057069;Torricella in Sabina;10;13;14;0;0;1;8;9;10;8;12;14;0;0;0;0.3;0.4;0.7;0;0;0;0;0;0;11;13;14
12058106;Torrita Tiberina;16;16;17;0;0;0;11;11;11;14;17;24;0;0;0;0.4;0.5;0.6;0;0;0;0;0;0;8;13;15
12060080;Trevi nel Lazio;4;6;9;0;0;0;3;4;6;2;6;9;0;0;0;0.1;0.2;0.2;0;0;0;0;0;0;2;7;12
12058107;Trevignano Romano;14;15;16;0;0;0;9;9;10;10;11;12;0;0;0;0.3;0.4;0.4;0;0;0;0;0;0;0;3;8
12060081;Trivigliano;15;16;17;0;1;1;7;7;7;18;20;21;0;0;0;0.3;0.3;0.4;0;0;0;0;0;0;5;7;8
12057071;Turania;8;8;8;0;0;0;6;6;7;6;7;8;0;0;0;0.2;0.3;0.3;0;0;0;0;0;0;13;14;15
12056052;Tuscania;13;15;16;0;0;0;8;9;9;5;8;11;0;0;0;0.3;0.3;0.5;0;0;0;0;0;0;0;2;8
12057072;Vacone;13;14;14;0;0;0;9;10;10;12;12;13;0;0;0;0.5;0.5;0.5;0;0;0;0;0;0;13;13;17
12056053;Valentano;13;15;16;0;0;0;9;9;9;4;6;7;0;0;0;0.3;0.3;0.3;0;0;0;0;0;0;2;3;4
12060082;Vallecorsa;9;12;17;0;0;0;5;5;6;7;10;13;0;0;0;0.2;0.3;0.4;0;0;0;0;0;0;7;14;23
12060083;Vallemaio;7;9;10;0;1;2;5;6;7;5;10;12;0;0;0;0.2;0.2;0.2;0;0;0;0;0;0;11;20;29
12058108;Vallepietra;5;6;7;0;0;0;4;4;5;2;2;4;0;0;0;0.2;0.2;0.2;0;0;0;0;0;0;12;16;22
12056054;Vallerano;12;15;17;0;0;0;9;10;11;13;14;15;0;0;0;0.4;0.5;0.5;0;0;0;0;0;0;0;0;1
12060084;Vallerotonda;4;5;8;0;0;0;3;4;6;1;3;9;0;0;0;0.2;0.2;0.4;0;0;0;0;0;0;2;4;8
12058109;Vallinfreda;8;9;9;0;0;0;6;7;7;7;10;12;0;0;0;0.3;0.3;0.3;0;0;0;0;0;0;15;17;18
12058110;Valmontone;20;24;29;2;12;31;10;12;15;22;33;46;0;0;0;0.5;0.8;1.3;0;0;0;0;0;0;2;11;19
12057073;Varco Sabino;7;8;9;0;0;0;6;7;7;5;6;6;0;0;0;0.2;0.2;0.2;0;0;0;0;0;0;11;11;15
12056055;Vasanello;15;16;17;0;0;1;11;11;12;15;16;20;0;0;0;0.5;0.6;0.8;0;0;0;0;0;0;0;1;5
12056056;Vejano;14;14;15;0;0;0;8;9;9;8;10;13;0;0;0;0.3;0.3;0.4;0;0;0;0;0;0;0;1;5
12058111;Velletri;8;14;20;0;0;5;5;8;14;7;17;22;0;0;0;0.2;0.3;0.4;0;0;0;0;0;0;3;10;32
12060085;Veroli;3;12;25;0;3;32;3;6;13;1;14;29;0;0;0;0.1;0.4;1.3;0;0;0;0;0;0;1;10;18
12056057;Vetralla;12;15;16;0;0;0;8;9;10;7;13;17;0;0;0;0.3;0.5;0.8;0;0;0;0;0;0;0;1;3
12060086;Vicalvi;11;14;15;0;0;0;8;10;10;4;6;7;0;0;0;0.2;0.2;0.2;0;0;0;0;0;0;10;21;29
12060087;Vico nel Lazio;3;8;21;0;1;10;3;4;9;1;9;34;0;0;0;0.1;0.2;0.5;0;0;0;0;0;0;1;5;11
12058112;Vicovaro;9;12;17;0;0;0;7;9;11;9;20;30;0;0;0;0.3;0.5;0.7;0;0;0;0;0;0;24;28;31
12056058;Vignanello;15;16;17;0;0;1;11;11;12;15;15;15;0;0;0;0.4;0.5;0.5;0;0;0;0;0;0;0;0;0
12060088;Villa Latina;5;6;10;0;0;0;4;5;7;2;4;8;0;0;0;0.2;0.2;0.2;0;0;0;0;0;0;2;4;9
12056046;Villa San Giovanni in Tuscia;15;15;16;0;0;0;9;9;10;12;13;13;0;0;0;0.4;0.5;0.5;0;0;0;0;0;0;1;2;2
12060089;Villa Santa Lucia;6;15;21;0;10;22;4;10;13;4;21;41;0;0;0;0.2;0.3;0.5;0;0;0;0;0;0;2;10;19
12060090;Villa Santo Stefano;17;21;22;0;8;14;6;6;7;12;16;18;0;0;0;0.5;0.7;0.9;0;0;0;0;0;0;2;9;15
12056059;Viterbo;12;15;19;0;0;0;8;10;13;8;15;21;0;0;0;0.3;0.7;0.9;0;0;0;0;0;0;0;0;3
12060091;Viticuso;5;5;6;0;0;0;4;4;5;2;3;5;0;0;0;0.2;0.2;0.3;0;0;0;0;0;0;6;10;14
12056060;Vitorchiano;13;15;16;0;0;0;10;11;11;15;17;19;0;0;0;0.6;0.7;0.8;0;0;0;0;0;0;0;0;0
12058113;Vivaro Romano;8;8;9;0;0;0;6;6;7;7;8;12;0;0;0;0.3;0.3;0.3;0;0;0;0;0;0;15;15;18
12058114;Zagarolo;13;15;19;0;0;3;9;11;14;18;26;32;0;0;0;0.4;0.6;0.8;0;0;0;0;0;0;21;34;50
